DROP DATABASE IF EXISTS `ry-config`;

CREATE DATABASE  `ry-config` DEFAULT CHARACTER SET utf8mb4 COLLATE utf8mb4_general_ci;

SET NAMES utf8mb4;
SET FOREIGN_KEY_CHECKS = 0;

USE `ry-config`;

/******************************************/
/*   表名称 = config_info   */
/******************************************/
CREATE TABLE `config_info` (
                               `id` bigint(20) NOT NULL AUTO_INCREMENT COMMENT 'id',
                               `data_id` varchar(255) NOT NULL COMMENT 'data_id',
                               `group_id` varchar(255) DEFAULT NULL,
                               `content` longtext NOT NULL COMMENT 'content',
                               `md5` varchar(32) DEFAULT NULL COMMENT 'md5',
                               `gmt_create` datetime NOT NULL DEFAULT CURRENT_TIMESTAMP COMMENT '创建时间',
                               `gmt_modified` datetime NOT NULL DEFAULT CURRENT_TIMESTAMP COMMENT '修改时间',
                               `src_user` text COMMENT 'source user',
                               `src_ip` varchar(50) DEFAULT NULL COMMENT 'source ip',
                               `app_name` varchar(128) DEFAULT NULL,
                               `tenant_id` varchar(128) DEFAULT '' COMMENT '租户字段',
                               `c_desc` varchar(256) DEFAULT NULL,
                               `c_use` varchar(64) DEFAULT NULL,
                               `effect` varchar(64) DEFAULT NULL,
                               `type` varchar(64) DEFAULT NULL,
                               `c_schema` text,
                               PRIMARY KEY (`id`),
                               UNIQUE KEY `uk_configinfo_datagrouptenant` (`data_id`,`group_id`,`tenant_id`)
) ENGINE=InnoDB DEFAULT CHARSET=utf8 COLLATE=utf8_bin COMMENT='config_info';

insert into config_info(id, data_id, group_id, content, md5, gmt_create, gmt_modified, src_user, src_ip, app_name, tenant_id, c_desc, c_use, effect, type, c_schema) values
(1,'application-dev.yml','DEFAULT_GROUP','spring:\n  main:\n    allow-circular-references: true\n    allow-bean-definition-overriding: true\n  autoconfigure:\n    exclude: com.alibaba.druid.spring.boot.autoconfigure.DruidDataSourceAutoConfigure\n  mvc:\n    pathmatch:\n      matching-strategy: ant_path_matcher\n  cloud:\n    sentinel:\n      filter:\n        # sentinel 在 springboot 2.6.x 不兼容问题的处理\n        enabled: false\n\n# feign 配置\nfeign:\n  sentinel:\n    enabled: true\n  okhttp:\n    enabled: true\n  httpclient:\n    enabled: false\n  client:\n    config:\n      default:\n        connectTimeout: 10000\n        readTimeout: 10000\n  compression:\n    request:\n      enabled: true\n    response:\n      enabled: true\n\n# 暴露监控端点\nmanagement:\n  endpoints:\n    web:\n      exposure:\n        include: \'*\'\n','e6a8dafc6fcec97f777836bea3ed5028','2020-05-20 12:00:00','2022-01-14 02:20:19','nacos','0:0:0:0:0:0:0:1','','','通用配置','null','null','yaml','null'),
(2,'ruoyi-gateway-dev.yml','DEFAULT_GROUP','spring:\n  redis:\n    host: ruoyi-redis\n    port: 6379\n    password: \n  cloud:\n    gateway:\n      discovery:\n        locator:\n          lowerCaseServiceId: true\n          enabled: true\n      routes:\n        # 认证中心\n        - id: ruoyi-auth\n          uri: lb://ruoyi-auth\n          predicates:\n            - Path=/auth/**\n          filters:\n            # 验证码处理\n            - CacheRequestFilter\n            - ValidateCodeFilter\n            - StripPrefix=1\n        # 代码生成\n        - id: ruoyi-gen\n          uri: lb://ruoyi-gen\n          predicates:\n            - Path=/code/**\n          filters:\n            - StripPrefix=1\n        # 定时任务\n        - id: ruoyi-job\n          uri: lb://ruoyi-job\n          predicates:\n            - Path=/schedule/**\n          filters:\n            - StripPrefix=1\n        # 系统模块\n        - id: ruoyi-system\n          uri: lb://ruoyi-system\n          predicates:\n            - Path=/system/**\n          filters:\n            - StripPrefix=1\n        # 文件服务\n        - id: ruoyi-file\n          uri: lb://ruoyi-file\n          predicates:\n            - Path=/file/**\n          filters:\n            - StripPrefix=1\n\n# 安全配置\nsecurity:\n  # 验证码\n  captcha:\n    enabled: true\n    type: math\n  # 防止XSS攻击\n  xss:\n    enabled: true\n    excludeUrls:\n      - /system/notice\n  # 不校验白名单\n  ignore:\n    whites:\n      - /auth/logout\n      - /auth/login\n      - /auth/register\n      - /*/v2/api-docs\n      - /csrf\n','2f5a6b5a4ccf20b5801c5cf842456ec6','2020-05-14 14:17:55','2021-07-30 09:07:14',NULL,'0:0:0:0:0:0:0:1','','','网关模块','null','null','yaml','null'),
(3,'ruoyi-auth-dev.yml','DEFAULT_GROUP','spring: \r\n  redis:\r\n    host: ruoyi-redis\r\n    port: 6379\r\n    password: \r\n','b7354e1eb62c2d846d44a796d9ec6930','2020-11-20 00:00:00','2021-02-28 21:06:58',NULL,'0:0:0:0:0:0:0:1','','','认证中心','null','null','yaml','null'),
(4,'ruoyi-monitor-dev.yml','DEFAULT_GROUP','# spring\r\nspring: \r\n  security:\r\n    user:\r\n      name: ruoyi\r\n      password: 123456\r\n  boot:\r\n    admin:\r\n      ui:\r\n        title: 若依服务状态监控\r\n','d8997d0707a2fd5d9fc4e8409da38129','2020-11-20 00:00:00','2020-12-21 16:28:07',NULL,'0:0:0:0:0:0:0:1','','','监控中心','null','null','yaml','null'),
(5,'ruoyi-system-dev.yml','DEFAULT_GROUP','# spring配置\r\nspring: \r\n  redis:\r\n    host: ruoyi-redis\r\n    port: 6379\r\n    password: \r\n  datasource:\r\n    druid:\r\n      stat-view-servlet:\r\n        enabled: true\r\n        loginUsername: admin\r\n        loginPassword: 123456\r\n    dynamic:\r\n      druid:\r\n        initial-size: 5\r\n        min-idle: 5\r\n        maxActive: 20\r\n        maxWait: 60000\r\n        timeBetweenEvictionRunsMillis: 60000\r\n        minEvictableIdleTimeMillis: 300000\r\n        validationQuery: SELECT 1 FROM DUAL\r\n        testWhileIdle: true\r\n        testOnBorrow: false\r\n        testOnReturn: false\r\n        poolPreparedStatements: true\r\n        maxPoolPreparedStatementPerConnectionSize: 20\r\n        filters: stat,slf4j\r\n        connectionProperties: druid.stat.mergeSql\\=true;druid.stat.slowSqlMillis\\=5000\r\n      datasource:\r\n          # 主库数据源\r\n          master:\r\n            driver-class-name: com.mysql.cj.jdbc.Driver\r\n            url: jdbc:mysql://ruoyi-db:3306/ry-cloud?useUnicode=true&characterEncoding=utf8&zeroDateTimeBehavior=convertToNull&useSSL=true&serverTimezone=GMT%2B8\r\n            username: root\r\n            password: password\r\n          # 从库数据源\r\n          # slave:\r\n            # username: \r\n            # password: \r\n            # url: \r\n            # driver-class-name: \r\n      # seata: true    # 开启seata代理，开启后默认每个数据源都代理，如果某个不需要代理可单独关闭\r\n\r\n# seata配置\r\nseata:\r\n  # 默认关闭，如需启用spring.datasource.dynami.seata需要同时开启\r\n  enabled: false\r\n  # Seata 应用编号，默认为 ${spring.application.name}\r\n  application-id: ${spring.application.name}\r\n  # Seata 事务组编号，用于 TC 集群名\r\n  tx-service-group: ${spring.application.name}-group\r\n  # 关闭自动代理\r\n  enable-auto-data-source-proxy: false\r\n  # 服务配置项\r\n  service:\r\n    # 虚拟组和分组的映射\r\n    vgroup-mapping:\r\n      ruoyi-system-group: default\r\n  config:\r\n    type: nacos\r\n    nacos:\r\n      serverAddr: ruoyi-nacos:8848\r\n      group: SEATA_GROUP\r\n      namespace:\r\n  registry:\r\n    type: nacos\r\n    nacos:\r\n      application: seata-server\r\n      server-addr: ruoyi-nacos:8848\r\n      namespace:\r\n\r\n# mybatis配置\r\nmybatis:\r\n    # 搜索指定包别名\r\n    typeAliasesPackage: com.ruoyi.system\r\n    # 配置mapper的扫描，找到所有的mapper.xml映射文件\r\n    mapperLocations: classpath:mapper/**/*.xml\r\n\r\n# swagger配置\r\nswagger:\r\n  title: 系统模块接口文档\r\n  license: Powered By ruoyi\r\n  licenseUrl: https://ruoyi.vip','ac8913dee679e65bb7d482df5f267d4e','2020-11-20 00:00:00','2021-01-27 10:42:25',NULL,'0:0:0:0:0:0:0:1','','','系统模块','null','null','yaml','null'),
(6,'ruoyi-gen-dev.yml','DEFAULT_GROUP','# spring配置\r\nspring: \r\n  redis:\r\n    host: ruoyi-redis\r\n    port: 6379\r\n    password: \r\n  datasource: \r\n    driver-class-name: com.mysql.cj.jdbc.Driver\r\n    url: jdbc:mysql://ruoyi-db:3306/ry-cloud?useUnicode=true&characterEncoding=utf8&zeroDateTimeBehavior=convertToNull&useSSL=true&serverTimezone=GMT%2B8\r\n    username: root\r\n    password: password\r\n\r\n# mybatis配置\r\nmybatis:\r\n    # 搜索指定包别名\r\n    typeAliasesPackage: com.ruoyi.gen.domain\r\n    # 配置mapper的扫描，找到所有的mapper.xml映射文件\r\n    mapperLocations: classpath:mapper/**/*.xml\r\n\r\n# swagger配置\r\nswagger:\r\n  title: 代码生成接口文档\r\n  license: Powered By ruoyi\r\n  licenseUrl: https://ruoyi.vip\r\n\r\n# 代码生成\r\ngen: \r\n  # 作者\r\n  author: ruoyi\r\n  # 默认生成包路径 system 需改成自己的模块名称 如 system monitor tool\r\n  packageName: com.ruoyi.system\r\n  # 自动去除表前缀，默认是false\r\n  autoRemovePre: false\r\n  # 表前缀（生成类名不会包含表前缀，多个用逗号分隔）\r\n  tablePrefix: sys_\r\n','8c79f64a4cca9b821a03dc8b27a2d8eb','2020-11-20 00:00:00','2021-01-26 10:36:45',NULL,'0:0:0:0:0:0:0:1','','','代码生成','null','null','yaml','null'),
(7,'ruoyi-job-dev.yml','DEFAULT_GROUP','# spring配置\r\nspring: \r\n  redis:\r\n    host: ruoyi-redis\r\n    port: 6379\r\n    password: \r\n  datasource:\r\n    driver-class-name: com.mysql.cj.jdbc.Driver\r\n    url: jdbc:mysql://ruoyi-db:3306/ry-cloud?useUnicode=true&characterEncoding=utf8&zeroDateTimeBehavior=convertToNull&useSSL=true&serverTimezone=GMT%2B8\r\n    username: root\r\n    password: password\r\n\r\n# mybatis配置\r\nmybatis:\r\n    # 搜索指定包别名\r\n    typeAliasesPackage: com.ruoyi.job.domain\r\n    # 配置mapper的扫描，找到所有的mapper.xml映射文件\r\n    mapperLocations: classpath:mapper/**/*.xml\r\n\r\n# swagger配置\r\nswagger:\r\n  title: 定时任务接口文档\r\n  license: Powered By ruoyi\r\n  licenseUrl: https://ruoyi.vip\r\n','d6dfade9a2c93c463ae857cd503cb172','2020-11-20 00:00:00','2021-01-26 10:36:04',NULL,'0:0:0:0:0:0:0:1','','','定时任务','null','null','yaml','null'),
(8,'ruoyi-file-dev.yml','DEFAULT_GROUP','# 本地文件上传    \r\nfile:\r\n    domain: http://127.0.0.1:9300\r\n    path: D:/ruoyi/uploadPath\r\n    prefix: /statics\r\n\r\n# FastDFS配置\r\nfdfs:\r\n  domain: http://8.129.231.12\r\n  soTimeout: 3000\r\n  connectTimeout: 2000\r\n  trackerList: 8.129.231.12:22122\r\n\r\n# Minio配置\r\nminio:\r\n  url: http://8.129.231.12:9000\r\n  accessKey: minioadmin\r\n  secretKey: minioadmin\r\n  bucketName: test','5382b93f3d8059d6068c0501fdd41195','2020-11-20 00:00:00','2020-12-21 21:01:59',NULL,'0:0:0:0:0:0:0:1','','','文件服务','null','null','yaml','null'),
(9,'sentinel-ruoyi-gateway','DEFAULT_GROUP','[\r\n    {\r\n        \"resource\": \"ruoyi-auth\",\r\n        \"count\": 500,\r\n        \"grade\": 1,\r\n        \"limitApp\": \"default\",\r\n        \"strategy\": 0,\r\n        \"controlBehavior\": 0\r\n    },\r\n	{\r\n        \"resource\": \"ruoyi-system\",\r\n        \"count\": 1000,\r\n        \"grade\": 1,\r\n        \"limitApp\": \"default\",\r\n        \"strategy\": 0,\r\n        \"controlBehavior\": 0\r\n    },\r\n	{\r\n        \"resource\": \"ruoyi-gen\",\r\n        \"count\": 200,\r\n        \"grade\": 1,\r\n        \"limitApp\": \"default\",\r\n        \"strategy\": 0,\r\n        \"controlBehavior\": 0\r\n    },\r\n	{\r\n        \"resource\": \"ruoyi-job\",\r\n        \"count\": 300,\r\n        \"grade\": 1,\r\n        \"limitApp\": \"default\",\r\n        \"strategy\": 0,\r\n        \"controlBehavior\": 0\r\n    }\r\n]','9f3a3069261598f74220bc47958ec252','2020-11-20 00:00:00','2020-11-20 00:00:00',NULL,'0:0:0:0:0:0:0:1','','','限流策略','null','null','json','null');


/******************************************/
/*   表名称 = config_info_aggr   */
/******************************************/
CREATE TABLE `config_info_aggr` (
                                    `id` bigint(20) NOT NULL AUTO_INCREMENT COMMENT 'id',
                                    `data_id` varchar(255) NOT NULL COMMENT 'data_id',
                                    `group_id` varchar(255) NOT NULL COMMENT 'group_id',
                                    `datum_id` varchar(255) NOT NULL COMMENT 'datum_id',
                                    `content` longtext NOT NULL COMMENT '内容',
                                    `gmt_modified` datetime NOT NULL COMMENT '修改时间',
                                    `app_name` varchar(128) DEFAULT NULL,
                                    `tenant_id` varchar(128) DEFAULT '' COMMENT '租户字段',
                                    PRIMARY KEY (`id`),
                                    UNIQUE KEY `uk_configinfoaggr_datagrouptenantdatum` (`data_id`,`group_id`,`tenant_id`,`datum_id`)
) ENGINE=InnoDB DEFAULT CHARSET=utf8 COLLATE=utf8_bin COMMENT='增加租户字段';


/******************************************/
/*   表名称 = config_info_beta   */
/******************************************/
CREATE TABLE `config_info_beta` (
                                    `id` bigint(20) NOT NULL AUTO_INCREMENT COMMENT 'id',
                                    `data_id` varchar(255) NOT NULL COMMENT 'data_id',
                                    `group_id` varchar(128) NOT NULL COMMENT 'group_id',
                                    `app_name` varchar(128) DEFAULT NULL COMMENT 'app_name',
                                    `content` longtext NOT NULL COMMENT 'content',
                                    `beta_ips` varchar(1024) DEFAULT NULL COMMENT 'betaIps',
                                    `md5` varchar(32) DEFAULT NULL COMMENT 'md5',
                                    `gmt_create` datetime NOT NULL DEFAULT CURRENT_TIMESTAMP COMMENT '创建时间',
                                    `gmt_modified` datetime NOT NULL DEFAULT CURRENT_TIMESTAMP COMMENT '修改时间',
                                    `src_user` text COMMENT 'source user',
                                    `src_ip` varchar(50) DEFAULT NULL COMMENT 'source ip',
                                    `tenant_id` varchar(128) DEFAULT '' COMMENT '租户字段',
                                    PRIMARY KEY (`id`),
                                    UNIQUE KEY `uk_configinfobeta_datagrouptenant` (`data_id`,`group_id`,`tenant_id`)
) ENGINE=InnoDB DEFAULT CHARSET=utf8 COLLATE=utf8_bin COMMENT='config_info_beta';

/******************************************/
/*   表名称 = config_info_tag   */
/******************************************/
CREATE TABLE `config_info_tag` (
                                   `id` bigint(20) NOT NULL AUTO_INCREMENT COMMENT 'id',
                                   `data_id` varchar(255) NOT NULL COMMENT 'data_id',
                                   `group_id` varchar(128) NOT NULL COMMENT 'group_id',
                                   `tenant_id` varchar(128) DEFAULT '' COMMENT 'tenant_id',
                                   `tag_id` varchar(128) NOT NULL COMMENT 'tag_id',
                                   `app_name` varchar(128) DEFAULT NULL COMMENT 'app_name',
                                   `content` longtext NOT NULL COMMENT 'content',
                                   `md5` varchar(32) DEFAULT NULL COMMENT 'md5',
                                   `gmt_create` datetime NOT NULL DEFAULT CURRENT_TIMESTAMP COMMENT '创建时间',
                                   `gmt_modified` datetime NOT NULL DEFAULT CURRENT_TIMESTAMP COMMENT '修改时间',
                                   `src_user` text COMMENT 'source user',
                                   `src_ip` varchar(50) DEFAULT NULL COMMENT 'source ip',
                                   PRIMARY KEY (`id`),
                                   UNIQUE KEY `uk_configinfotag_datagrouptenanttag` (`data_id`,`group_id`,`tenant_id`,`tag_id`)
) ENGINE=InnoDB DEFAULT CHARSET=utf8 COLLATE=utf8_bin COMMENT='config_info_tag';

/******************************************/
/*   表名称 = config_tags_relation   */
/******************************************/
CREATE TABLE `config_tags_relation` (
                                        `id` bigint(20) NOT NULL COMMENT 'id',
                                        `tag_name` varchar(128) NOT NULL COMMENT 'tag_name',
                                        `tag_type` varchar(64) DEFAULT NULL COMMENT 'tag_type',
                                        `data_id` varchar(255) NOT NULL COMMENT 'data_id',
                                        `group_id` varchar(128) NOT NULL COMMENT 'group_id',
                                        `tenant_id` varchar(128) DEFAULT '' COMMENT 'tenant_id',
                                        `nid` bigint(20) NOT NULL AUTO_INCREMENT,
                                        PRIMARY KEY (`nid`),
                                        UNIQUE KEY `uk_configtagrelation_configidtag` (`id`,`tag_name`,`tag_type`),
                                        KEY `idx_tenant_id` (`tenant_id`)
) ENGINE=InnoDB DEFAULT CHARSET=utf8 COLLATE=utf8_bin COMMENT='config_tag_relation';

/******************************************/
/*   表名称 = group_capacity   */
/******************************************/
CREATE TABLE `group_capacity` (
                                  `id` bigint(20) unsigned NOT NULL AUTO_INCREMENT COMMENT '主键ID',
                                  `group_id` varchar(128) NOT NULL DEFAULT '' COMMENT 'Group ID，空字符表示整个集群',
                                  `quota` int(10) unsigned NOT NULL DEFAULT '0' COMMENT '配额，0表示使用默认值',
                                  `usage` int(10) unsigned NOT NULL DEFAULT '0' COMMENT '使用量',
                                  `max_size` int(10) unsigned NOT NULL DEFAULT '0' COMMENT '单个配置大小上限，单位为字节，0表示使用默认值',
                                  `max_aggr_count` int(10) unsigned NOT NULL DEFAULT '0' COMMENT '聚合子配置最大个数，，0表示使用默认值',
                                  `max_aggr_size` int(10) unsigned NOT NULL DEFAULT '0' COMMENT '单个聚合数据的子配置大小上限，单位为字节，0表示使用默认值',
                                  `max_history_count` int(10) unsigned NOT NULL DEFAULT '0' COMMENT '最大变更历史数量',
                                  `gmt_create` datetime NOT NULL DEFAULT CURRENT_TIMESTAMP COMMENT '创建时间',
                                  `gmt_modified` datetime NOT NULL DEFAULT CURRENT_TIMESTAMP COMMENT '修改时间',
                                  PRIMARY KEY (`id`),
                                  UNIQUE KEY `uk_group_id` (`group_id`)
) ENGINE=InnoDB DEFAULT CHARSET=utf8 COLLATE=utf8_bin COMMENT='集群、各Group容量信息表';

/******************************************/
/*   表名称 = his_config_info   */
/******************************************/
CREATE TABLE `his_config_info` (
                                   `id` bigint(64) unsigned NOT NULL,
                                   `nid` bigint(20) unsigned NOT NULL AUTO_INCREMENT,
                                   `data_id` varchar(255) NOT NULL,
                                   `group_id` varchar(128) NOT NULL,
                                   `app_name` varchar(128) DEFAULT NULL COMMENT 'app_name',
                                   `content` longtext NOT NULL,
                                   `md5` varchar(32) DEFAULT NULL,
                                   `gmt_create` datetime NOT NULL DEFAULT CURRENT_TIMESTAMP,
                                   `gmt_modified` datetime NOT NULL DEFAULT CURRENT_TIMESTAMP,
                                   `src_user` text,
                                   `src_ip` varchar(50) DEFAULT NULL,
                                   `op_type` char(10) DEFAULT NULL,
                                   `tenant_id` varchar(128) DEFAULT '' COMMENT '租户字段',
                                   PRIMARY KEY (`nid`),
                                   KEY `idx_gmt_create` (`gmt_create`),
                                   KEY `idx_gmt_modified` (`gmt_modified`),
                                   KEY `idx_did` (`data_id`)
) ENGINE=InnoDB DEFAULT CHARSET=utf8 COLLATE=utf8_bin COMMENT='多租户改造';


/******************************************/
/*   数据库全名 = nacos_config   */
/*   表名称 = tenant_capacity   */
/******************************************/
CREATE TABLE `tenant_capacity` (
                                   `id` bigint(20) unsigned NOT NULL AUTO_INCREMENT COMMENT '主键ID',
                                   `tenant_id` varchar(128) NOT NULL DEFAULT '' COMMENT 'Tenant ID',
                                   `quota` int(10) unsigned NOT NULL DEFAULT '0' COMMENT '配额，0表示使用默认值',
                                   `usage` int(10) unsigned NOT NULL DEFAULT '0' COMMENT '使用量',
                                   `max_size` int(10) unsigned NOT NULL DEFAULT '0' COMMENT '单个配置大小上限，单位为字节，0表示使用默认值',
                                   `max_aggr_count` int(10) unsigned NOT NULL DEFAULT '0' COMMENT '聚合子配置最大个数',
                                   `max_aggr_size` int(10) unsigned NOT NULL DEFAULT '0' COMMENT '单个聚合数据的子配置大小上限，单位为字节，0表示使用默认值',
                                   `max_history_count` int(10) unsigned NOT NULL DEFAULT '0' COMMENT '最大变更历史数量',
                                   `gmt_create` datetime NOT NULL DEFAULT CURRENT_TIMESTAMP COMMENT '创建时间',
                                   `gmt_modified` datetime NOT NULL DEFAULT CURRENT_TIMESTAMP COMMENT '修改时间',
                                   PRIMARY KEY (`id`),
                                   UNIQUE KEY `uk_tenant_id` (`tenant_id`)
) ENGINE=InnoDB DEFAULT CHARSET=utf8 COLLATE=utf8_bin COMMENT='租户容量信息表';


CREATE TABLE `tenant_info` (
                               `id` bigint(20) NOT NULL AUTO_INCREMENT COMMENT 'id',
                               `kp` varchar(128) NOT NULL COMMENT 'kp',
                               `tenant_id` varchar(128) default '' COMMENT 'tenant_id',
                               `tenant_name` varchar(128) default '' COMMENT 'tenant_name',
                               `tenant_desc` varchar(256) DEFAULT NULL COMMENT 'tenant_desc',
                               `create_source` varchar(32) DEFAULT NULL COMMENT 'create_source',
                               `gmt_create` bigint(20) NOT NULL COMMENT '创建时间',
                               `gmt_modified` bigint(20) NOT NULL COMMENT '修改时间',
                               PRIMARY KEY (`id`),
                               UNIQUE KEY `uk_tenant_info_kptenantid` (`kp`,`tenant_id`),
                               KEY `idx_tenant_id` (`tenant_id`)
) ENGINE=InnoDB DEFAULT CHARSET=utf8 COLLATE=utf8_bin COMMENT='tenant_info';

CREATE TABLE `users` (
                         `username` varchar(50) NOT NULL PRIMARY KEY,
                         `password` varchar(500) NOT NULL,
                         `enabled` boolean NOT NULL
);

CREATE TABLE `roles` (
                         `username` varchar(50) NOT NULL,
                         `role` varchar(50) NOT NULL,
                         UNIQUE INDEX `idx_user_role` (`username` ASC, `role` ASC) USING BTREE
);

CREATE TABLE `permissions` (
                               `role` varchar(50) NOT NULL,
                               `resource` varchar(255) NOT NULL,
                               `action` varchar(8) NOT NULL,
                               UNIQUE INDEX `uk_role_permission` (`role`,`resource`,`action`) USING BTREE
);

INSERT INTO users (username, password, enabled) VALUES ('nacos', '$2a$10$EuWPZHzz32dJN7jexM34MOeYirDdFAZm2kuWj7VEOJhhZkDrxfvUu', TRUE);

INSERT INTO roles (username, role) VALUES ('nacos', 'ROLE_ADMIN');

-- ry_seata_20210128.sql

DROP DATABASE IF EXISTS `ry-seata`;

CREATE DATABASE  `ry-seata` DEFAULT CHARACTER SET utf8mb4 COLLATE utf8mb4_general_ci;

SET NAMES utf8mb4;
SET FOREIGN_KEY_CHECKS = 0;

USE `ry-seata`;

-- -------------------------------- The script used when storeMode is 'db' --------------------------------
-- the table to store GlobalSession data
CREATE TABLE IF NOT EXISTS `global_table`
(
    `xid`                       VARCHAR(128) NOT NULL,
    `transaction_id`            BIGINT,
    `status`                    TINYINT      NOT NULL,
    `application_id`            VARCHAR(32),
    `transaction_service_group` VARCHAR(32),
    `transaction_name`          VARCHAR(128),
    `timeout`                   INT,
    `begin_time`                BIGINT,
    `application_data`          VARCHAR(2000),
    `gmt_create`                DATETIME,
    `gmt_modified`              DATETIME,
    PRIMARY KEY (`xid`),
    KEY `idx_gmt_modified_status` (`gmt_modified`, `status`),
    KEY `idx_transaction_id` (`transaction_id`)
) ENGINE = InnoDB
  DEFAULT CHARSET = utf8mb4;

-- the table to store BranchSession data
CREATE TABLE IF NOT EXISTS `branch_table`
(
    `branch_id`         BIGINT       NOT NULL,
    `xid`               VARCHAR(128) NOT NULL,
    `transaction_id`    BIGINT,
    `resource_group_id` VARCHAR(32),
    `resource_id`       VARCHAR(256),
    `branch_type`       VARCHAR(8),
    `status`            TINYINT,
    `client_id`         VARCHAR(64),
    `application_data`  VARCHAR(2000),
    `gmt_create`        DATETIME(6),
    `gmt_modified`      DATETIME(6),
    PRIMARY KEY (`branch_id`),
    KEY `idx_xid` (`xid`)
) ENGINE = InnoDB
  DEFAULT CHARSET = utf8mb4;

-- the table to store lock data
CREATE TABLE IF NOT EXISTS `lock_table`
(
    `row_key`        VARCHAR(128) NOT NULL,
    `xid`            VARCHAR(96),
    `transaction_id` BIGINT,
    `branch_id`      BIGINT       NOT NULL,
    `resource_id`    VARCHAR(256),
    `table_name`     VARCHAR(32),
    `pk`             VARCHAR(36),
    `gmt_create`     DATETIME,
    `gmt_modified`   DATETIME,
    PRIMARY KEY (`row_key`),
    KEY `idx_branch_id` (`branch_id`)
) ENGINE = InnoDB
  DEFAULT CHARSET = utf8mb4;

-- for AT mode you must to init this sql for you business database. the seata server not need it.
CREATE TABLE IF NOT EXISTS `undo_log`
(
    `branch_id`     BIGINT(20)   NOT NULL COMMENT 'branch transaction id',
    `xid`           VARCHAR(100) NOT NULL COMMENT 'global transaction id',
    `context`       VARCHAR(128) NOT NULL COMMENT 'undo_log context,such as serialization',
    `rollback_info` LONGBLOB     NOT NULL COMMENT 'rollback info',
    `log_status`    INT(11)      NOT NULL COMMENT '0:normal status,1:defense status',
    `log_created`   DATETIME(6)  NOT NULL COMMENT 'create datetime',
    `log_modified`  DATETIME(6)  NOT NULL COMMENT 'modify datetime',
    UNIQUE KEY `ux_undo_log` (`xid`, `branch_id`)
) ENGINE = InnoDB
  AUTO_INCREMENT = 1
  DEFAULT CHARSET = utf8mb4 COMMENT ='AT transaction mode undo table';

-- ry_20210908.sql
DROP DATABASE IF EXISTS `ry-cloud`;

CREATE DATABASE  `ry-cloud` DEFAULT CHARACTER SET utf8mb4 COLLATE utf8mb4_general_ci;

SET NAMES utf8mb4;
SET FOREIGN_KEY_CHECKS = 0;

USE `ry-cloud`;
SET NAMES utf8mb4;

-- ----------------------------
-- 1、部门表
-- ----------------------------
drop table if exists sys_dept;
create table sys_dept (
  dept_id           bigint(20)      not null auto_increment    comment '部门id',
  parent_id         bigint(20)      default 0                  comment '父部门id',
  ancestors         varchar(50)     default ''                 comment '祖级列表',
  dept_name         varchar(30)     default ''                 comment '部门名称',
  order_num         int(4)          default 0                  comment '显示顺序',
  leader            varchar(20)     default null               comment '负责人',
  phone             varchar(11)     default null               comment '联系电话',
  email             varchar(50)     default null               comment '邮箱',
  status            char(1)         default '0'                comment '部门状态（0正常 1停用）',
  del_flag          char(1)         default '0'                comment '删除标志（0代表存在 2代表删除）',
  create_by         varchar(64)     default ''                 comment '创建者',
  create_time 	    datetime                                   comment '创建时间',
  update_by         varchar(64)     default ''                 comment '更新者',
  update_time       datetime                                   comment '更新时间',
  primary key (dept_id)
) engine=innodb auto_increment=200 comment = '部门表';

-- ----------------------------
-- 初始化-部门表数据
-- ----------------------------
insert into sys_dept values(100,  0,   '0',          '若依科技',   0, '若依', '15888888888', 'ry@qq.com', '0', '0', 'admin', sysdate(), '', null);
insert into sys_dept values(101,  100, '0,100',      '深圳总公司', 1, '若依', '15888888888', 'ry@qq.com', '0', '0', 'admin', sysdate(), '', null);
insert into sys_dept values(102,  100, '0,100',      '长沙分公司', 2, '若依', '15888888888', 'ry@qq.com', '0', '0', 'admin', sysdate(), '', null);
insert into sys_dept values(103,  101, '0,100,101',  '研发部门',   1, '若依', '15888888888', 'ry@qq.com', '0', '0', 'admin', sysdate(), '', null);
insert into sys_dept values(104,  101, '0,100,101',  '市场部门',   2, '若依', '15888888888', 'ry@qq.com', '0', '0', 'admin', sysdate(), '', null);
insert into sys_dept values(105,  101, '0,100,101',  '测试部门',   3, '若依', '15888888888', 'ry@qq.com', '0', '0', 'admin', sysdate(), '', null);
insert into sys_dept values(106,  101, '0,100,101',  '财务部门',   4, '若依', '15888888888', 'ry@qq.com', '0', '0', 'admin', sysdate(), '', null);
insert into sys_dept values(107,  101, '0,100,101',  '运维部门',   5, '若依', '15888888888', 'ry@qq.com', '0', '0', 'admin', sysdate(), '', null);
insert into sys_dept values(108,  102, '0,100,102',  '市场部门',   1, '若依', '15888888888', 'ry@qq.com', '0', '0', 'admin', sysdate(), '', null);
insert into sys_dept values(109,  102, '0,100,102',  '财务部门',   2, '若依', '15888888888', 'ry@qq.com', '0', '0', 'admin', sysdate(), '', null);


-- ----------------------------
-- 2、用户信息表
-- ----------------------------
drop table if exists sys_user;
create table sys_user (
  user_id           bigint(20)      not null auto_increment    comment '用户ID',
  dept_id           bigint(20)      default null               comment '部门ID',
  user_name         varchar(30)     not null                   comment '用户账号',
  nick_name         varchar(30)     not null                   comment '用户昵称',
  user_type         varchar(2)      default '00'               comment '用户类型（00系统用户）',
  email             varchar(50)     default ''                 comment '用户邮箱',
  phonenumber       varchar(11)     default ''                 comment '手机号码',
  sex               char(1)         default '0'                comment '用户性别（0男 1女 2未知）',
  avatar            varchar(100)    default ''                 comment '头像地址',
  password          varchar(100)    default ''                 comment '密码',
  status            char(1)         default '0'                comment '帐号状态（0正常 1停用）',
  del_flag          char(1)         default '0'                comment '删除标志（0代表存在 2代表删除）',
  login_ip          varchar(128)    default ''                 comment '最后登录IP',
  login_date        datetime                                   comment '最后登录时间',
  create_by         varchar(64)     default ''                 comment '创建者',
  create_time       datetime                                   comment '创建时间',
  update_by         varchar(64)     default ''                 comment '更新者',
  update_time       datetime                                   comment '更新时间',
  remark            varchar(500)    default null               comment '备注',
  primary key (user_id)
) engine=innodb auto_increment=100 comment = '用户信息表';

-- ----------------------------
-- 初始化-用户信息表数据
-- ----------------------------
insert into sys_user values(1,  103, 'admin', '若依', '00', 'ry@163.com', '15888888888', '1', '', '$2a$10$7JB720yubVSZvUI0rEqK/.VqGOZTH.ulu33dHOiBE8ByOhJIrdAu2', '0', '0', '127.0.0.1', sysdate(), 'admin', sysdate(), '', null, '管理员');
insert into sys_user values(2,  105, 'ry',    '若依', '00', 'ry@qq.com',  '15666666666', '1', '', '$2a$10$7JB720yubVSZvUI0rEqK/.VqGOZTH.ulu33dHOiBE8ByOhJIrdAu2', '0', '0', '127.0.0.1', sysdate(), 'admin', sysdate(), '', null, '测试员');


-- ----------------------------
-- 3、岗位信息表
-- ----------------------------
drop table if exists sys_post;
create table sys_post
(
  post_id       bigint(20)      not null auto_increment    comment '岗位ID',
  post_code     varchar(64)     not null                   comment '岗位编码',
  post_name     varchar(50)     not null                   comment '岗位名称',
  post_sort     int(4)          not null                   comment '显示顺序',
  status        char(1)         not null                   comment '状态（0正常 1停用）',
  create_by     varchar(64)     default ''                 comment '创建者',
  create_time   datetime                                   comment '创建时间',
  update_by     varchar(64)     default ''			       comment '更新者',
  update_time   datetime                                   comment '更新时间',
  remark        varchar(500)    default null               comment '备注',
  primary key (post_id)
) engine=innodb comment = '岗位信息表';

-- ----------------------------
-- 初始化-岗位信息表数据
-- ----------------------------
insert into sys_post values(1, 'ceo',  '董事长',    1, '0', 'admin', sysdate(), '', null, '');
insert into sys_post values(2, 'se',   '项目经理',  2, '0', 'admin', sysdate(), '', null, '');
insert into sys_post values(3, 'hr',   '人力资源',  3, '0', 'admin', sysdate(), '', null, '');
insert into sys_post values(4, 'user', '普通员工',  4, '0', 'admin', sysdate(), '', null, '');


-- ----------------------------
-- 4、角色信息表
-- ----------------------------
drop table if exists sys_role;
create table sys_role (
  role_id              bigint(20)      not null auto_increment    comment '角色ID',
  role_name            varchar(30)     not null                   comment '角色名称',
  role_key             varchar(100)    not null                   comment '角色权限字符串',
  role_sort            int(4)          not null                   comment '显示顺序',
  data_scope           char(1)         default '1'                comment '数据范围（1：全部数据权限 2：自定数据权限 3：本部门数据权限 4：本部门及以下数据权限）',
  menu_check_strictly  tinyint(1)      default 1                  comment '菜单树选择项是否关联显示',
  dept_check_strictly  tinyint(1)      default 1                  comment '部门树选择项是否关联显示',
  status               char(1)         not null                   comment '角色状态（0正常 1停用）',
  del_flag             char(1)         default '0'                comment '删除标志（0代表存在 2代表删除）',
  create_by            varchar(64)     default ''                 comment '创建者',
  create_time          datetime                                   comment '创建时间',
  update_by            varchar(64)     default ''                 comment '更新者',
  update_time          datetime                                   comment '更新时间',
  remark               varchar(500)    default null               comment '备注',
  primary key (role_id)
) engine=innodb auto_increment=100 comment = '角色信息表';

-- ----------------------------
-- 初始化-角色信息表数据
-- ----------------------------
insert into sys_role values('1', '超级管理员',  'admin',  1, 1, 1, 1, '0', '0', 'admin', sysdate(), '', null, '超级管理员');
insert into sys_role values('2', '普通角色',    'common', 2, 2, 1, 1, '0', '0', 'admin', sysdate(), '', null, '普通角色');


-- ----------------------------
-- 5、菜单权限表
-- ----------------------------
drop table if exists sys_menu;
create table sys_menu (
  menu_id           bigint(20)      not null auto_increment    comment '菜单ID',
  menu_name         varchar(50)     not null                   comment '菜单名称',
  parent_id         bigint(20)      default 0                  comment '父菜单ID',
  order_num         int(4)          default 0                  comment '显示顺序',
  path              varchar(200)    default ''                 comment '路由地址',
  component         varchar(255)    default null               comment '组件路径',
  query             varchar(255)    default null               comment '路由参数',
  is_frame          int(1)          default 1                  comment '是否为外链（0是 1否）',
  is_cache          int(1)          default 0                  comment '是否缓存（0缓存 1不缓存）',
  menu_type         char(1)         default ''                 comment '菜单类型（M目录 C菜单 F按钮）',
  visible           char(1)         default 0                  comment '菜单状态（0显示 1隐藏）',
  status            char(1)         default 0                  comment '菜单状态（0正常 1停用）',
  perms             varchar(100)    default null               comment '权限标识',
  icon              varchar(100)    default '#'                comment '菜单图标',
  create_by         varchar(64)     default ''                 comment '创建者',
  create_time       datetime                                   comment '创建时间',
  update_by         varchar(64)     default ''                 comment '更新者',
  update_time       datetime                                   comment '更新时间',
  remark            varchar(500)    default ''                 comment '备注',
  primary key (menu_id)
) engine=innodb auto_increment=2000 comment = '菜单权限表';

-- ----------------------------
-- 初始化-菜单信息表数据
-- ----------------------------
-- 一级菜单
insert into sys_menu values('1', '系统管理', '0', '1', 'system',           null, '', 1, 0, 'M', '0', '0', '', 'system',   'admin', sysdate(), '', null, '系统管理目录');
insert into sys_menu values('2', '系统监控', '0', '2', 'monitor',          null, '', 1, 0, 'M', '0', '0', '', 'monitor',  'admin', sysdate(), '', null, '系统监控目录');
insert into sys_menu values('3', '系统工具', '0', '3', 'tool',             null, '', 1, 0, 'M', '0', '0', '', 'tool',     'admin', sysdate(), '', null, '系统工具目录');
insert into sys_menu values('4', '若依官网', '0', '4', 'http://ruoyi.vip', null, '', 0, 0, 'M', '0', '0', '', 'guide',    'admin', sysdate(), '', null, '若依官网地址');
-- 二级菜单
insert into sys_menu values('100',  '用户管理',       '1',   '1', 'user',       'system/user/index',                 '', 1, 0, 'C', '0', '0', 'system:user:list',        'user',          'admin', sysdate(), '', null, '用户管理菜单');
insert into sys_menu values('101',  '角色管理',       '1',   '2', 'role',       'system/role/index',                 '', 1, 0, 'C', '0', '0', 'system:role:list',        'peoples',       'admin', sysdate(), '', null, '角色管理菜单');
insert into sys_menu values('102',  '菜单管理',       '1',   '3', 'menu',       'system/menu/index',                 '', 1, 0, 'C', '0', '0', 'system:menu:list',        'tree-table',    'admin', sysdate(), '', null, '菜单管理菜单');
insert into sys_menu values('103',  '部门管理',       '1',   '4', 'dept',       'system/dept/index',                 '', 1, 0, 'C', '0', '0', 'system:dept:list',        'tree',          'admin', sysdate(), '', null, '部门管理菜单');
insert into sys_menu values('104',  '岗位管理',       '1',   '5', 'post',       'system/post/index',                 '', 1, 0, 'C', '0', '0', 'system:post:list',        'post',          'admin', sysdate(), '', null, '岗位管理菜单');
insert into sys_menu values('105',  '字典管理',       '1',   '6', 'dict',       'system/dict/index',                 '', 1, 0, 'C', '0', '0', 'system:dict:list',        'dict',          'admin', sysdate(), '', null, '字典管理菜单');
insert into sys_menu values('106',  '参数设置',       '1',   '7', 'config',     'system/config/index',               '', 1, 0, 'C', '0', '0', 'system:config:list',      'edit',          'admin', sysdate(), '', null, '参数设置菜单');
insert into sys_menu values('107',  '通知公告',       '1',   '8', 'notice',     'system/notice/index',               '', 1, 0, 'C', '0', '0', 'system:notice:list',      'message',       'admin', sysdate(), '', null, '通知公告菜单');
insert into sys_menu values('108',  '日志管理',       '1',   '9', 'log',        '',                                  '', 1, 0, 'M', '0', '0', '',                        'log',           'admin', sysdate(), '', null, '日志管理菜单');
insert into sys_menu values('109',  '在线用户',       '2',   '1', 'online',     'monitor/online/index',              '', 1, 0, 'C', '0', '0', 'monitor:online:list',     'online',        'admin', sysdate(), '', null, '在线用户菜单');
insert into sys_menu values('110',  '定时任务',       '2',   '2', 'job',        'monitor/job/index',                 '', 1, 0, 'C', '0', '0', 'monitor:job:list',        'job',           'admin', sysdate(), '', null, '定时任务菜单');
insert into sys_menu values('111',  'Sentinel控制台', '2',   '3', 'http://localhost:8718',        '',                '', 0, 0, 'C', '0', '0', 'monitor:sentinel:list',   'sentinel',      'admin', sysdate(), '', null, '流量控制菜单');
insert into sys_menu values('112',  'Nacos控制台',    '2',   '4', 'http://localhost:8948/nacos',  '',                '', 0, 0, 'C', '0', '0', 'monitor:nacos:list',      'nacos',         'admin', sysdate(), '', null, '服务治理菜单');
insert into sys_menu values('113',  'Admin控制台',    '2',   '5', 'http://localhost:9100/login',  '',                '', 0, 0, 'C', '0', '0', 'monitor:server:list',     'server',        'admin', sysdate(), '', null, '服务监控菜单');
insert into sys_menu values('114',  '表单构建',       '3',   '1', 'build',      'tool/build/index',                  '', 1, 0, 'C', '0', '0', 'tool:build:list',         'build',         'admin', sysdate(), '', null, '表单构建菜单');
insert into sys_menu values('115',  '代码生成',       '3',   '2', 'gen',        'tool/gen/index',                    '', 1, 0, 'C', '0', '0', 'tool:gen:list',           'code',          'admin', sysdate(), '', null, '代码生成菜单');
insert into sys_menu values('116',  '系统接口',       '3',   '3', 'http://localhost:8180/swagger-ui/index.html', '', '', 0, 0, 'C', '0', '0', 'tool:swagger:list',       'swagger',       'admin', sysdate(), '', null, '系统接口菜单');
-- 三级菜单
insert into sys_menu values('500',  '操作日志', '108', '1', 'operlog',    'system/operlog/index',    '', 1, 0, 'C', '0', '0', 'system:operlog:list',    'form',          'admin', sysdate(), '', null, '操作日志菜单');
insert into sys_menu values('501',  '登录日志', '108', '2', 'logininfor', 'system/logininfor/index', '', 1, 0, 'C', '0', '0', 'system:logininfor:list', 'logininfor',    'admin', sysdate(), '', null, '登录日志菜单');
-- 用户管理按钮
insert into sys_menu values('1001', '用户查询', '100', '1',  '', '', '', 1, 0, 'F', '0', '0', 'system:user:query',          '#', 'admin', sysdate(), '', null, '');
insert into sys_menu values('1002', '用户新增', '100', '2',  '', '', '', 1, 0, 'F', '0', '0', 'system:user:add',            '#', 'admin', sysdate(), '', null, '');
insert into sys_menu values('1003', '用户修改', '100', '3',  '', '', '', 1, 0, 'F', '0', '0', 'system:user:edit',           '#', 'admin', sysdate(), '', null, '');
insert into sys_menu values('1004', '用户删除', '100', '4',  '', '', '', 1, 0, 'F', '0', '0', 'system:user:remove',         '#', 'admin', sysdate(), '', null, '');
insert into sys_menu values('1005', '用户导出', '100', '5',  '', '', '', 1, 0, 'F', '0', '0', 'system:user:export',         '#', 'admin', sysdate(), '', null, '');
insert into sys_menu values('1006', '用户导入', '100', '6',  '', '', '', 1, 0, 'F', '0', '0', 'system:user:import',         '#', 'admin', sysdate(), '', null, '');
insert into sys_menu values('1007', '重置密码', '100', '7',  '', '', '', 1, 0, 'F', '0', '0', 'system:user:resetPwd',       '#', 'admin', sysdate(), '', null, '');
-- 角色管理按钮
insert into sys_menu values('1008', '角色查询', '101', '1',  '', '', '', 1, 0, 'F', '0', '0', 'system:role:query',          '#', 'admin', sysdate(), '', null, '');
insert into sys_menu values('1009', '角色新增', '101', '2',  '', '', '', 1, 0, 'F', '0', '0', 'system:role:add',            '#', 'admin', sysdate(), '', null, '');
insert into sys_menu values('1010', '角色修改', '101', '3',  '', '', '', 1, 0, 'F', '0', '0', 'system:role:edit',           '#', 'admin', sysdate(), '', null, '');
insert into sys_menu values('1011', '角色删除', '101', '4',  '', '', '', 1, 0, 'F', '0', '0', 'system:role:remove',         '#', 'admin', sysdate(), '', null, '');
insert into sys_menu values('1012', '角色导出', '101', '5',  '', '', '', 1, 0, 'F', '0', '0', 'system:role:export',         '#', 'admin', sysdate(), '', null, '');
-- 菜单管理按钮
insert into sys_menu values('1013', '菜单查询', '102', '1',  '', '', '', 1, 0, 'F', '0', '0', 'system:menu:query',          '#', 'admin', sysdate(), '', null, '');
insert into sys_menu values('1014', '菜单新增', '102', '2',  '', '', '', 1, 0, 'F', '0', '0', 'system:menu:add',            '#', 'admin', sysdate(), '', null, '');
insert into sys_menu values('1015', '菜单修改', '102', '3',  '', '', '', 1, 0, 'F', '0', '0', 'system:menu:edit',           '#', 'admin', sysdate(), '', null, '');
insert into sys_menu values('1016', '菜单删除', '102', '4',  '', '', '', 1, 0, 'F', '0', '0', 'system:menu:remove',         '#', 'admin', sysdate(), '', null, '');
-- 部门管理按钮
insert into sys_menu values('1017', '部门查询', '103', '1',  '', '', '', 1, 0, 'F', '0', '0', 'system:dept:query',          '#', 'admin', sysdate(), '', null, '');
insert into sys_menu values('1018', '部门新增', '103', '2',  '', '', '', 1, 0, 'F', '0', '0', 'system:dept:add',            '#', 'admin', sysdate(), '', null, '');
insert into sys_menu values('1019', '部门修改', '103', '3',  '', '', '', 1, 0, 'F', '0', '0', 'system:dept:edit',           '#', 'admin', sysdate(), '', null, '');
insert into sys_menu values('1020', '部门删除', '103', '4',  '', '', '', 1, 0, 'F', '0', '0', 'system:dept:remove',         '#', 'admin', sysdate(), '', null, '');
-- 岗位管理按钮
insert into sys_menu values('1021', '岗位查询', '104', '1',  '', '', '', 1, 0, 'F', '0', '0', 'system:post:query',          '#', 'admin', sysdate(), '', null, '');
insert into sys_menu values('1022', '岗位新增', '104', '2',  '', '', '', 1, 0, 'F', '0', '0', 'system:post:add',            '#', 'admin', sysdate(), '', null, '');
insert into sys_menu values('1023', '岗位修改', '104', '3',  '', '', '', 1, 0, 'F', '0', '0', 'system:post:edit',           '#', 'admin', sysdate(), '', null, '');
insert into sys_menu values('1024', '岗位删除', '104', '4',  '', '', '', 1, 0, 'F', '0', '0', 'system:post:remove',         '#', 'admin', sysdate(), '', null, '');
insert into sys_menu values('1025', '岗位导出', '104', '5',  '', '', '', 1, 0, 'F', '0', '0', 'system:post:export',         '#', 'admin', sysdate(), '', null, '');
-- 字典管理按钮
insert into sys_menu values('1026', '字典查询', '105', '1', '#', '', '', 1, 0, 'F', '0', '0', 'system:dict:query',          '#', 'admin', sysdate(), '', null, '');
insert into sys_menu values('1027', '字典新增', '105', '2', '#', '', '', 1, 0, 'F', '0', '0', 'system:dict:add',            '#', 'admin', sysdate(), '', null, '');
insert into sys_menu values('1028', '字典修改', '105', '3', '#', '', '', 1, 0, 'F', '0', '0', 'system:dict:edit',           '#', 'admin', sysdate(), '', null, '');
insert into sys_menu values('1029', '字典删除', '105', '4', '#', '', '', 1, 0, 'F', '0', '0', 'system:dict:remove',         '#', 'admin', sysdate(), '', null, '');
insert into sys_menu values('1030', '字典导出', '105', '5', '#', '', '', 1, 0, 'F', '0', '0', 'system:dict:export',         '#', 'admin', sysdate(), '', null, '');
-- 参数设置按钮
insert into sys_menu values('1031', '参数查询', '106', '1', '#', '', '', 1, 0, 'F', '0', '0', 'system:config:query',        '#', 'admin', sysdate(), '', null, '');
insert into sys_menu values('1032', '参数新增', '106', '2', '#', '', '', 1, 0, 'F', '0', '0', 'system:config:add',          '#', 'admin', sysdate(), '', null, '');
insert into sys_menu values('1033', '参数修改', '106', '3', '#', '', '', 1, 0, 'F', '0', '0', 'system:config:edit',         '#', 'admin', sysdate(), '', null, '');
insert into sys_menu values('1034', '参数删除', '106', '4', '#', '', '', 1, 0, 'F', '0', '0', 'system:config:remove',       '#', 'admin', sysdate(), '', null, '');
insert into sys_menu values('1035', '参数导出', '106', '5', '#', '', '', 1, 0, 'F', '0', '0', 'system:config:export',       '#', 'admin', sysdate(), '', null, '');
-- 通知公告按钮
insert into sys_menu values('1036', '公告查询', '107', '1', '#', '', '', 1, 0, 'F', '0', '0', 'system:notice:query',        '#', 'admin', sysdate(), '', null, '');
insert into sys_menu values('1037', '公告新增', '107', '2', '#', '', '', 1, 0, 'F', '0', '0', 'system:notice:add',          '#', 'admin', sysdate(), '', null, '');
insert into sys_menu values('1038', '公告修改', '107', '3', '#', '', '', 1, 0, 'F', '0', '0', 'system:notice:edit',         '#', 'admin', sysdate(), '', null, '');
insert into sys_menu values('1039', '公告删除', '107', '4', '#', '', '', 1, 0, 'F', '0', '0', 'system:notice:remove',       '#', 'admin', sysdate(), '', null, '');
-- 操作日志按钮
insert into sys_menu values('1040', '操作查询', '500', '1', '#', '', '', 1, 0, 'F', '0', '0', 'system:operlog:query',       '#', 'admin', sysdate(), '', null, '');
insert into sys_menu values('1041', '操作删除', '500', '2', '#', '', '', 1, 0, 'F', '0', '0', 'system:operlog:remove',      '#', 'admin', sysdate(), '', null, '');
insert into sys_menu values('1042', '日志导出', '500', '4', '#', '', '', 1, 0, 'F', '0', '0', 'system:operlog:export',      '#', 'admin', sysdate(), '', null, '');
-- 登录日志按钮
insert into sys_menu values('1043', '登录查询', '501', '1', '#', '', '', 1, 0, 'F', '0', '0', 'system:logininfor:query',    '#', 'admin', sysdate(), '', null, '');
insert into sys_menu values('1044', '登录删除', '501', '2', '#', '', '', 1, 0, 'F', '0', '0', 'system:logininfor:remove',   '#', 'admin', sysdate(), '', null, '');
insert into sys_menu values('1045', '日志导出', '501', '3', '#', '', '', 1, 0, 'F', '0', '0', 'system:logininfor:export',   '#', 'admin', sysdate(), '', null, '');
-- 在线用户按钮
insert into sys_menu values('1046', '在线查询', '109', '1', '#', '', '', 1, 0, 'F', '0', '0', 'monitor:online:query',       '#', 'admin', sysdate(), '', null, '');
insert into sys_menu values('1047', '批量强退', '109', '2', '#', '', '', 1, 0, 'F', '0', '0', 'monitor:online:batchLogout', '#', 'admin', sysdate(), '', null, '');
insert into sys_menu values('1048', '单条强退', '109', '3', '#', '', '', 1, 0, 'F', '0', '0', 'monitor:online:forceLogout', '#', 'admin', sysdate(), '', null, '');
-- 定时任务按钮
insert into sys_menu values('1049', '任务查询', '110', '1', '#', '', '', 1, 0, 'F', '0', '0', 'monitor:job:query',          '#', 'admin', sysdate(), '', null, '');
insert into sys_menu values('1050', '任务新增', '110', '2', '#', '', '', 1, 0, 'F', '0', '0', 'monitor:job:add',            '#', 'admin', sysdate(), '', null, '');
insert into sys_menu values('1051', '任务修改', '110', '3', '#', '', '', 1, 0, 'F', '0', '0', 'monitor:job:edit',           '#', 'admin', sysdate(), '', null, '');
insert into sys_menu values('1052', '任务删除', '110', '4', '#', '', '', 1, 0, 'F', '0', '0', 'monitor:job:remove',         '#', 'admin', sysdate(), '', null, '');
insert into sys_menu values('1053', '状态修改', '110', '5', '#', '', '', 1, 0, 'F', '0', '0', 'monitor:job:changeStatus',   '#', 'admin', sysdate(), '', null, '');
insert into sys_menu values('1054', '任务导出', '110', '7', '#', '', '', 1, 0, 'F', '0', '0', 'monitor:job:export',         '#', 'admin', sysdate(), '', null, '');
-- 代码生成按钮
insert into sys_menu values('1055', '生成查询', '115', '1', '#', '', '', 1, 0, 'F', '0', '0', 'tool:gen:query',             '#', 'admin', sysdate(), '', null, '');
insert into sys_menu values('1056', '生成修改', '115', '2', '#', '', '', 1, 0, 'F', '0', '0', 'tool:gen:edit',              '#', 'admin', sysdate(), '', null, '');
insert into sys_menu values('1057', '生成删除', '115', '3', '#', '', '', 1, 0, 'F', '0', '0', 'tool:gen:remove',            '#', 'admin', sysdate(), '', null, '');
insert into sys_menu values('1058', '导入代码', '115', '2', '#', '', '', 1, 0, 'F', '0', '0', 'tool:gen:import',            '#', 'admin', sysdate(), '', null, '');
insert into sys_menu values('1059', '预览代码', '115', '4', '#', '', '', 1, 0, 'F', '0', '0', 'tool:gen:preview',           '#', 'admin', sysdate(), '', null, '');
insert into sys_menu values('1060', '生成代码', '115', '5', '#', '', '', 1, 0, 'F', '0', '0', 'tool:gen:code',              '#', 'admin', sysdate(), '', null, '');


-- ----------------------------
-- 6、用户和角色关联表  用户N-1角色
-- ----------------------------
drop table if exists sys_user_role;
create table sys_user_role (
  user_id   bigint(20) not null comment '用户ID',
  role_id   bigint(20) not null comment '角色ID',
  primary key(user_id, role_id)
) engine=innodb comment = '用户和角色关联表';

-- ----------------------------
-- 初始化-用户和角色关联表数据
-- ----------------------------
insert into sys_user_role values ('1', '1');
insert into sys_user_role values ('2', '2');


-- ----------------------------
-- 7、角色和菜单关联表  角色1-N菜单
-- ----------------------------
drop table if exists sys_role_menu;
create table sys_role_menu (
  role_id   bigint(20) not null comment '角色ID',
  menu_id   bigint(20) not null comment '菜单ID',
  primary key(role_id, menu_id)
) engine=innodb comment = '角色和菜单关联表';

-- ----------------------------
-- 初始化-角色和菜单关联表数据
-- ----------------------------
insert into sys_role_menu values ('2', '1');
insert into sys_role_menu values ('2', '2');
insert into sys_role_menu values ('2', '3');
insert into sys_role_menu values ('2', '4');
insert into sys_role_menu values ('2', '100');
insert into sys_role_menu values ('2', '101');
insert into sys_role_menu values ('2', '102');
insert into sys_role_menu values ('2', '103');
insert into sys_role_menu values ('2', '104');
insert into sys_role_menu values ('2', '105');
insert into sys_role_menu values ('2', '106');
insert into sys_role_menu values ('2', '107');
insert into sys_role_menu values ('2', '108');
insert into sys_role_menu values ('2', '109');
insert into sys_role_menu values ('2', '110');
insert into sys_role_menu values ('2', '111');
insert into sys_role_menu values ('2', '112');
insert into sys_role_menu values ('2', '113');
insert into sys_role_menu values ('2', '114');
insert into sys_role_menu values ('2', '115');
insert into sys_role_menu values ('2', '116');
insert into sys_role_menu values ('2', '500');
insert into sys_role_menu values ('2', '501');
insert into sys_role_menu values ('2', '1000');
insert into sys_role_menu values ('2', '1001');
insert into sys_role_menu values ('2', '1002');
insert into sys_role_menu values ('2', '1003');
insert into sys_role_menu values ('2', '1004');
insert into sys_role_menu values ('2', '1005');
insert into sys_role_menu values ('2', '1006');
insert into sys_role_menu values ('2', '1007');
insert into sys_role_menu values ('2', '1008');
insert into sys_role_menu values ('2', '1009');
insert into sys_role_menu values ('2', '1010');
insert into sys_role_menu values ('2', '1011');
insert into sys_role_menu values ('2', '1012');
insert into sys_role_menu values ('2', '1013');
insert into sys_role_menu values ('2', '1014');
insert into sys_role_menu values ('2', '1015');
insert into sys_role_menu values ('2', '1016');
insert into sys_role_menu values ('2', '1017');
insert into sys_role_menu values ('2', '1018');
insert into sys_role_menu values ('2', '1019');
insert into sys_role_menu values ('2', '1020');
insert into sys_role_menu values ('2', '1021');
insert into sys_role_menu values ('2', '1022');
insert into sys_role_menu values ('2', '1023');
insert into sys_role_menu values ('2', '1024');
insert into sys_role_menu values ('2', '1025');
insert into sys_role_menu values ('2', '1026');
insert into sys_role_menu values ('2', '1027');
insert into sys_role_menu values ('2', '1028');
insert into sys_role_menu values ('2', '1029');
insert into sys_role_menu values ('2', '1030');
insert into sys_role_menu values ('2', '1031');
insert into sys_role_menu values ('2', '1032');
insert into sys_role_menu values ('2', '1033');
insert into sys_role_menu values ('2', '1034');
insert into sys_role_menu values ('2', '1035');
insert into sys_role_menu values ('2', '1036');
insert into sys_role_menu values ('2', '1037');
insert into sys_role_menu values ('2', '1038');
insert into sys_role_menu values ('2', '1039');
insert into sys_role_menu values ('2', '1040');
insert into sys_role_menu values ('2', '1041');
insert into sys_role_menu values ('2', '1042');
insert into sys_role_menu values ('2', '1043');
insert into sys_role_menu values ('2', '1044');
insert into sys_role_menu values ('2', '1045');
insert into sys_role_menu values ('2', '1046');
insert into sys_role_menu values ('2', '1047');
insert into sys_role_menu values ('2', '1048');
insert into sys_role_menu values ('2', '1049');
insert into sys_role_menu values ('2', '1050');
insert into sys_role_menu values ('2', '1051');
insert into sys_role_menu values ('2', '1052');
insert into sys_role_menu values ('2', '1053');
insert into sys_role_menu values ('2', '1054');
insert into sys_role_menu values ('2', '1055');
insert into sys_role_menu values ('2', '1056');
insert into sys_role_menu values ('2', '1057');
insert into sys_role_menu values ('2', '1058');
insert into sys_role_menu values ('2', '1059');
insert into sys_role_menu values ('2', '1060');

-- ----------------------------
-- 8、角色和部门关联表  角色1-N部门
-- ----------------------------
drop table if exists sys_role_dept;
create table sys_role_dept (
  role_id   bigint(20) not null comment '角色ID',
  dept_id   bigint(20) not null comment '部门ID',
  primary key(role_id, dept_id)
) engine=innodb comment = '角色和部门关联表';

-- ----------------------------
-- 初始化-角色和部门关联表数据
-- ----------------------------
insert into sys_role_dept values ('2', '100');
insert into sys_role_dept values ('2', '101');
insert into sys_role_dept values ('2', '105');


-- ----------------------------
-- 9、用户与岗位关联表  用户1-N岗位
-- ----------------------------
drop table if exists sys_user_post;
create table sys_user_post
(
  user_id   bigint(20) not null comment '用户ID',
  post_id   bigint(20) not null comment '岗位ID',
  primary key (user_id, post_id)
) engine=innodb comment = '用户与岗位关联表';

-- ----------------------------
-- 初始化-用户与岗位关联表数据
-- ----------------------------
insert into sys_user_post values ('1', '1');
insert into sys_user_post values ('2', '2');


-- ----------------------------
-- 10、操作日志记录
-- ----------------------------
drop table if exists sys_oper_log;
create table sys_oper_log (
  oper_id           bigint(20)      not null auto_increment    comment '日志主键',
  title             varchar(50)     default ''                 comment '模块标题',
  business_type     int(2)          default 0                  comment '业务类型（0其它 1新增 2修改 3删除）',
  method            varchar(100)    default ''                 comment '方法名称',
  request_method    varchar(10)     default ''                 comment '请求方式',
  operator_type     int(1)          default 0                  comment '操作类别（0其它 1后台用户 2手机端用户）',
  oper_name         varchar(50)     default ''                 comment '操作人员',
  dept_name         varchar(50)     default ''                 comment '部门名称',
  oper_url          varchar(255)    default ''                 comment '请求URL',
  oper_ip           varchar(128)    default ''                 comment '主机地址',
  oper_location     varchar(255)    default ''                 comment '操作地点',
  oper_param        varchar(2000)   default ''                 comment '请求参数',
  json_result       varchar(2000)   default ''                 comment '返回参数',
  status            int(1)          default 0                  comment '操作状态（0正常 1异常）',
  error_msg         varchar(2000)   default ''                 comment '错误消息',
  oper_time         datetime                                   comment '操作时间',
  primary key (oper_id)
) engine=innodb auto_increment=100 comment = '操作日志记录';


-- ----------------------------
-- 11、字典类型表
-- ----------------------------
drop table if exists sys_dict_type;
create table sys_dict_type
(
  dict_id          bigint(20)      not null auto_increment    comment '字典主键',
  dict_name        varchar(100)    default ''                 comment '字典名称',
  dict_type        varchar(100)    default ''                 comment '字典类型',
  status           char(1)         default '0'                comment '状态（0正常 1停用）',
  create_by        varchar(64)     default ''                 comment '创建者',
  create_time      datetime                                   comment '创建时间',
  update_by        varchar(64)     default ''                 comment '更新者',
  update_time      datetime                                   comment '更新时间',
  remark           varchar(500)    default null               comment '备注',
  primary key (dict_id),
  unique (dict_type)
) engine=innodb auto_increment=100 comment = '字典类型表';

insert into sys_dict_type values(1,  '用户性别', 'sys_user_sex',        '0', 'admin', sysdate(), '', null, '用户性别列表');
insert into sys_dict_type values(2,  '菜单状态', 'sys_show_hide',       '0', 'admin', sysdate(), '', null, '菜单状态列表');
insert into sys_dict_type values(3,  '系统开关', 'sys_normal_disable',  '0', 'admin', sysdate(), '', null, '系统开关列表');
insert into sys_dict_type values(4,  '任务状态', 'sys_job_status',      '0', 'admin', sysdate(), '', null, '任务状态列表');
insert into sys_dict_type values(5,  '任务分组', 'sys_job_group',       '0', 'admin', sysdate(), '', null, '任务分组列表');
insert into sys_dict_type values(6,  '系统是否', 'sys_yes_no',          '0', 'admin', sysdate(), '', null, '系统是否列表');
insert into sys_dict_type values(7,  '通知类型', 'sys_notice_type',     '0', 'admin', sysdate(), '', null, '通知类型列表');
insert into sys_dict_type values(8,  '通知状态', 'sys_notice_status',   '0', 'admin', sysdate(), '', null, '通知状态列表');
insert into sys_dict_type values(9,  '操作类型', 'sys_oper_type',       '0', 'admin', sysdate(), '', null, '操作类型列表');
insert into sys_dict_type values(10, '系统状态', 'sys_common_status',   '0', 'admin', sysdate(), '', null, '登录状态列表');

-- ----------------------------
-- 12、字典数据表
-- ----------------------------
drop table if exists sys_dict_data;
create table sys_dict_data
(
  dict_code        bigint(20)      not null auto_increment    comment '字典编码',
  dict_sort        int(4)          default 0                  comment '字典排序',
  dict_label       varchar(100)    default ''                 comment '字典标签',
  dict_value       varchar(100)    default ''                 comment '字典键值',
  dict_type        varchar(100)    default ''                 comment '字典类型',
  css_class        varchar(100)    default null               comment '样式属性（其他样式扩展）',
  list_class       varchar(100)    default null               comment '表格回显样式',
  is_default       char(1)         default 'N'                comment '是否默认（Y是 N否）',
  status           char(1)         default '0'                comment '状态（0正常 1停用）',
  create_by        varchar(64)     default ''                 comment '创建者',
  create_time      datetime                                   comment '创建时间',
  update_by        varchar(64)     default ''                 comment '更新者',
  update_time      datetime                                   comment '更新时间',
  remark           varchar(500)    default null               comment '备注',
  primary key (dict_code)
) engine=innodb auto_increment=100 comment = '字典数据表';

insert into sys_dict_data values(1,  1,  '男',       '0',       'sys_user_sex',        '',   '',        'Y', '0', 'admin', sysdate(), '', null, '性别男');
insert into sys_dict_data values(2,  2,  '女',       '1',       'sys_user_sex',        '',   '',        'N', '0', 'admin', sysdate(), '', null, '性别女');
insert into sys_dict_data values(3,  3,  '未知',     '2',       'sys_user_sex',        '',   '',        'N', '0', 'admin', sysdate(), '', null, '性别未知');
insert into sys_dict_data values(4,  1,  '显示',     '0',       'sys_show_hide',       '',   'primary', 'Y', '0', 'admin', sysdate(), '', null, '显示菜单');
insert into sys_dict_data values(5,  2,  '隐藏',     '1',       'sys_show_hide',       '',   'danger',  'N', '0', 'admin', sysdate(), '', null, '隐藏菜单');
insert into sys_dict_data values(6,  1,  '正常',     '0',       'sys_normal_disable',  '',   'primary', 'Y', '0', 'admin', sysdate(), '', null, '正常状态');
insert into sys_dict_data values(7,  2,  '停用',     '1',       'sys_normal_disable',  '',   'danger',  'N', '0', 'admin', sysdate(), '', null, '停用状态');
insert into sys_dict_data values(8,  1,  '正常',     '0',       'sys_job_status',      '',   'primary', 'Y', '0', 'admin', sysdate(), '', null, '正常状态');
insert into sys_dict_data values(9,  2,  '暂停',     '1',       'sys_job_status',      '',   'danger',  'N', '0', 'admin', sysdate(), '', null, '停用状态');
insert into sys_dict_data values(10, 1,  '默认',     'DEFAULT', 'sys_job_group',       '',   '',        'Y', '0', 'admin', sysdate(), '', null, '默认分组');
insert into sys_dict_data values(11, 2,  '系统',     'SYSTEM',  'sys_job_group',       '',   '',        'N', '0', 'admin', sysdate(), '', null, '系统分组');
insert into sys_dict_data values(12, 1,  '是',       'Y',       'sys_yes_no',          '',   'primary', 'Y', '0', 'admin', sysdate(), '', null, '系统默认是');
insert into sys_dict_data values(13, 2,  '否',       'N',       'sys_yes_no',          '',   'danger',  'N', '0', 'admin', sysdate(), '', null, '系统默认否');
insert into sys_dict_data values(14, 1,  '通知',     '1',       'sys_notice_type',     '',   'warning', 'Y', '0', 'admin', sysdate(), '', null, '通知');
insert into sys_dict_data values(15, 2,  '公告',     '2',       'sys_notice_type',     '',   'success', 'N', '0', 'admin', sysdate(), '', null, '公告');
insert into sys_dict_data values(16, 1,  '正常',     '0',       'sys_notice_status',   '',   'primary', 'Y', '0', 'admin', sysdate(), '', null, '正常状态');
insert into sys_dict_data values(17, 2,  '关闭',     '1',       'sys_notice_status',   '',   'danger',  'N', '0', 'admin', sysdate(), '', null, '关闭状态');
insert into sys_dict_data values(18, 1,  '新增',     '1',       'sys_oper_type',       '',   'info',    'N', '0', 'admin', sysdate(), '', null, '新增操作');
insert into sys_dict_data values(19, 2,  '修改',     '2',       'sys_oper_type',       '',   'info',    'N', '0', 'admin', sysdate(), '', null, '修改操作');
insert into sys_dict_data values(20, 3,  '删除',     '3',       'sys_oper_type',       '',   'danger',  'N', '0', 'admin', sysdate(), '', null, '删除操作');
insert into sys_dict_data values(21, 4,  '授权',     '4',       'sys_oper_type',       '',   'primary', 'N', '0', 'admin', sysdate(), '', null, '授权操作');
insert into sys_dict_data values(22, 5,  '导出',     '5',       'sys_oper_type',       '',   'warning', 'N', '0', 'admin', sysdate(), '', null, '导出操作');
insert into sys_dict_data values(23, 6,  '导入',     '6',       'sys_oper_type',       '',   'warning', 'N', '0', 'admin', sysdate(), '', null, '导入操作');
insert into sys_dict_data values(24, 7,  '强退',     '7',       'sys_oper_type',       '',   'danger',  'N', '0', 'admin', sysdate(), '', null, '强退操作');
insert into sys_dict_data values(25, 8,  '生成代码', '8',       'sys_oper_type',       '',   'warning', 'N', '0', 'admin', sysdate(), '', null, '生成操作');
insert into sys_dict_data values(26, 9,  '清空数据', '9',       'sys_oper_type',       '',   'danger',  'N', '0', 'admin', sysdate(), '', null, '清空操作');
insert into sys_dict_data values(27, 1,  '成功',     '0',       'sys_common_status',   '',   'primary', 'N', '0', 'admin', sysdate(), '', null, '正常状态');
insert into sys_dict_data values(28, 2,  '失败',     '1',       'sys_common_status',   '',   'danger',  'N', '0', 'admin', sysdate(), '', null, '停用状态');


-- ----------------------------
-- 13、参数配置表
-- ----------------------------
drop table if exists sys_config;
create table sys_config (
  config_id         int(5)          not null auto_increment    comment '参数主键',
  config_name       varchar(100)    default ''                 comment '参数名称',
  config_key        varchar(100)    default ''                 comment '参数键名',
  config_value      varchar(500)    default ''                 comment '参数键值',
  config_type       char(1)         default 'N'                comment '系统内置（Y是 N否）',
  create_by         varchar(64)     default ''                 comment '创建者',
  create_time       datetime                                   comment '创建时间',
  update_by         varchar(64)     default ''                 comment '更新者',
  update_time       datetime                                   comment '更新时间',
  remark            varchar(500)    default null               comment '备注',
  primary key (config_id)
) engine=innodb auto_increment=100 comment = '参数配置表';

insert into sys_config values(1, '主框架页-默认皮肤样式名称',     'sys.index.skinName',       'skin-blue',     'Y', 'admin', sysdate(), '', null, '蓝色 skin-blue、绿色 skin-green、紫色 skin-purple、红色 skin-red、黄色 skin-yellow' );
insert into sys_config values(2, '用户管理-账号初始密码',         'sys.user.initPassword',    '123456',        'Y', 'admin', sysdate(), '', null, '初始化密码 123456' );
insert into sys_config values(3, '主框架页-侧边栏主题',           'sys.index.sideTheme',      'theme-dark',    'Y', 'admin', sysdate(), '', null, '深色主题theme-dark，浅色主题theme-light' );
insert into sys_config values(4, '账号自助-是否开启用户注册功能', 'sys.account.registerUser', 'false',         'Y', 'admin', sysdate(), '', null, '是否开启注册用户功能（true开启，false关闭）');


-- ----------------------------
-- 14、系统访问记录
-- ----------------------------
drop table if exists sys_logininfor;
create table sys_logininfor (
  info_id        bigint(20)     not null auto_increment   comment '访问ID',
  user_name      varchar(50)    default ''                comment '用户账号',
  ipaddr         varchar(128)   default ''                comment '登录IP地址',
  status         char(1)        default '0'               comment '登录状态（0成功 1失败）',
  msg            varchar(255)   default ''                comment '提示信息',
  access_time    datetime                                 comment '访问时间',
  primary key (info_id)
) engine=innodb auto_increment=100 comment = '系统访问记录';


-- ----------------------------
-- 15、定时任务调度表
-- ----------------------------
drop table if exists sys_job;
create table sys_job (
  job_id              bigint(20)    not null auto_increment    comment '任务ID',
  job_name            varchar(64)   default ''                 comment '任务名称',
  job_group           varchar(64)   default 'DEFAULT'          comment '任务组名',
  invoke_target       varchar(500)  not null                   comment '调用目标字符串',
  cron_expression     varchar(255)  default ''                 comment 'cron执行表达式',
  misfire_policy      varchar(20)   default '3'                comment '计划执行错误策略（1立即执行 2执行一次 3放弃执行）',
  concurrent          char(1)       default '1'                comment '是否并发执行（0允许 1禁止）',
  status              char(1)       default '0'                comment '状态（0正常 1暂停）',
  create_by           varchar(64)   default ''                 comment '创建者',
  create_time         datetime                                 comment '创建时间',
  update_by           varchar(64)   default ''                 comment '更新者',
  update_time         datetime                                 comment '更新时间',
  remark              varchar(500)  default ''                 comment '备注信息',
  primary key (job_id, job_name, job_group)
) engine=innodb auto_increment=100 comment = '定时任务调度表';

insert into sys_job values(1, '系统默认（无参）', 'DEFAULT', 'ryTask.ryNoParams',        '0/10 * * * * ?', '3', '1', '1', 'admin', sysdate(), '', null, '');
insert into sys_job values(2, '系统默认（有参）', 'DEFAULT', 'ryTask.ryParams(\'ry\')',  '0/15 * * * * ?', '3', '1', '1', 'admin', sysdate(), '', null, '');
insert into sys_job values(3, '系统默认（多参）', 'DEFAULT', 'ryTask.ryMultipleParams(\'ry\', true, 2000L, 316.50D, 100)',  '0/20 * * * * ?', '3', '1', '1', 'admin', sysdate(), '', null, '');


-- ----------------------------
-- 16、定时任务调度日志表
-- ----------------------------
drop table if exists sys_job_log;
create table sys_job_log (
  job_log_id          bigint(20)     not null auto_increment    comment '任务日志ID',
  job_name            varchar(64)    not null                   comment '任务名称',
  job_group           varchar(64)    not null                   comment '任务组名',
  invoke_target       varchar(500)   not null                   comment '调用目标字符串',
  job_message         varchar(500)                              comment '日志信息',
  status              char(1)        default '0'                comment '执行状态（0正常 1失败）',
  exception_info      varchar(2000)  default ''                 comment '异常信息',
  create_time         datetime                                  comment '创建时间',
  primary key (job_log_id)
) engine=innodb comment = '定时任务调度日志表';


-- ----------------------------
-- 17、通知公告表
-- ----------------------------
drop table if exists sys_notice;
create table sys_notice (
  notice_id         int(4)          not null auto_increment    comment '公告ID',
  notice_title      varchar(50)     not null                   comment '公告标题',
  notice_type       char(1)         not null                   comment '公告类型（1通知 2公告）',
  notice_content    longblob        default null               comment '公告内容',
  status            char(1)         default '0'                comment '公告状态（0正常 1关闭）',
  create_by         varchar(64)     default ''                 comment '创建者',
  create_time       datetime                                   comment '创建时间',
  update_by         varchar(64)     default ''                 comment '更新者',
  update_time       datetime                                   comment '更新时间',
  remark            varchar(255)    default null               comment '备注',
  primary key (notice_id)
) engine=innodb auto_increment=10 comment = '通知公告表';

-- ----------------------------
-- 初始化-公告信息表数据
-- ----------------------------
insert into sys_notice values('1', '温馨提醒：2018-07-01 若依新版本发布啦', '2', '新版本内容', '0', 'admin', sysdate(), '', null, '管理员');
insert into sys_notice values('2', '维护通知：2018-07-01 若依系统凌晨维护', '1', '维护内容',   '0', 'admin', sysdate(), '', null, '管理员');


-- ----------------------------
-- 18、代码生成业务表
-- ----------------------------
drop table if exists gen_table;
create table gen_table (
  table_id          bigint(20)      not null auto_increment    comment '编号',
  table_name        varchar(200)    default ''                 comment '表名称',
  table_comment     varchar(500)    default ''                 comment '表描述',
  sub_table_name    varchar(64)     default null               comment '关联子表的表名',
  sub_table_fk_name varchar(64)     default null               comment '子表关联的外键名',
  class_name        varchar(100)    default ''                 comment '实体类名称',
  tpl_category      varchar(200)    default 'crud'             comment '使用的模板（crud单表操作 tree树表操作）',
  package_name      varchar(100)                               comment '生成包路径',
  module_name       varchar(30)                                comment '生成模块名',
  business_name     varchar(30)                                comment '生成业务名',
  function_name     varchar(50)                                comment '生成功能名',
  function_author   varchar(50)                                comment '生成功能作者',
  gen_type          char(1)         default '0'                comment '生成代码方式（0zip压缩包 1自定义路径）',
  gen_path          varchar(200)    default '/'                comment '生成路径（不填默认项目路径）',
  options           varchar(1000)                              comment '其它生成选项',
  create_by         varchar(64)     default ''                 comment '创建者',
  create_time 	    datetime                                   comment '创建时间',
  update_by         varchar(64)     default ''                 comment '更新者',
  update_time       datetime                                   comment '更新时间',
  remark            varchar(500)    default null               comment '备注',
  primary key (table_id)
) engine=innodb auto_increment=1 comment = '代码生成业务表';


-- ----------------------------
-- 19、代码生成业务表字段
-- ----------------------------
drop table if exists gen_table_column;
create table gen_table_column (
  column_id         bigint(20)      not null auto_increment    comment '编号',
  table_id          varchar(64)                                comment '归属表编号',
  column_name       varchar(200)                               comment '列名称',
  column_comment    varchar(500)                               comment '列描述',
  column_type       varchar(100)                               comment '列类型',
  java_type         varchar(500)                               comment 'JAVA类型',
  java_field        varchar(200)                               comment 'JAVA字段名',
  is_pk             char(1)                                    comment '是否主键（1是）',
  is_increment      char(1)                                    comment '是否自增（1是）',
  is_required       char(1)                                    comment '是否必填（1是）',
  is_insert         char(1)                                    comment '是否为插入字段（1是）',
  is_edit           char(1)                                    comment '是否编辑字段（1是）',
  is_list           char(1)                                    comment '是否列表字段（1是）',
  is_query          char(1)                                    comment '是否查询字段（1是）',
  query_type        varchar(200)    default 'EQ'               comment '查询方式（等于、不等于、大于、小于、范围）',
  html_type         varchar(200)                               comment '显示类型（文本框、文本域、下拉框、复选框、单选框、日期控件）',
  dict_type         varchar(200)    default ''                 comment '字典类型',
  sort              int                                        comment '排序',
  create_by         varchar(64)     default ''                 comment '创建者',
  create_time 	    datetime                                   comment '创建时间',
  update_by         varchar(64)     default ''                 comment '更新者',
  update_time       datetime                                   comment '更新时间',
  primary key (column_id)
) engine=innodb auto_increment=1 comment = '代码生成业务表字段';

-- quartz.sql
DROP TABLE IF EXISTS QRTZ_FIRED_TRIGGERS;
DROP TABLE IF EXISTS QRTZ_PAUSED_TRIGGER_GRPS;
DROP TABLE IF EXISTS QRTZ_SCHEDULER_STATE;
DROP TABLE IF EXISTS QRTZ_LOCKS;
DROP TABLE IF EXISTS QRTZ_SIMPLE_TRIGGERS;
DROP TABLE IF EXISTS QRTZ_SIMPROP_TRIGGERS;
DROP TABLE IF EXISTS QRTZ_CRON_TRIGGERS;
DROP TABLE IF EXISTS QRTZ_BLOB_TRIGGERS;
DROP TABLE IF EXISTS QRTZ_TRIGGERS;
DROP TABLE IF EXISTS QRTZ_JOB_DETAILS;
DROP TABLE IF EXISTS QRTZ_CALENDARS;

-- ----------------------------
-- 1、存储每一个已配置的 jobDetail 的详细信息
-- ----------------------------
create table QRTZ_JOB_DETAILS (
    sched_name           varchar(120)    not null            comment '调度名称',
    job_name             varchar(200)    not null            comment '任务名称',
    job_group            varchar(200)    not null            comment '任务组名',
    description          varchar(250)    null                comment '相关介绍',
    job_class_name       varchar(250)    not null            comment '执行任务类名称',
    is_durable           varchar(1)      not null            comment '是否持久化',
    is_nonconcurrent     varchar(1)      not null            comment '是否并发',
    is_update_data       varchar(1)      not null            comment '是否更新数据',
    requests_recovery    varchar(1)      not null            comment '是否接受恢复执行',
    job_data             blob            null                comment '存放持久化job对象',
    primary key (sched_name, job_name, job_group)
) engine=innodb comment = '任务详细信息表';

-- ----------------------------
-- 2、 存储已配置的 Trigger 的信息
-- ----------------------------
create table QRTZ_TRIGGERS (
    sched_name           varchar(120)    not null            comment '调度名称',
    trigger_name         varchar(200)    not null            comment '触发器的名字',
    trigger_group        varchar(200)    not null            comment '触发器所属组的名字',
    job_name             varchar(200)    not null            comment 'qrtz_job_details表job_name的外键',
    job_group            varchar(200)    not null            comment 'qrtz_job_details表job_group的外键',
    description          varchar(250)    null                comment '相关介绍',
    next_fire_time       bigint(13)      null                comment '上一次触发时间（毫秒）',
    prev_fire_time       bigint(13)      null                comment '下一次触发时间（默认为-1表示不触发）',
    priority             integer         null                comment '优先级',
    trigger_state        varchar(16)     not null            comment '触发器状态',
    trigger_type         varchar(8)      not null            comment '触发器的类型',
    start_time           bigint(13)      not null            comment '开始时间',
    end_time             bigint(13)      null                comment '结束时间',
    calendar_name        varchar(200)    null                comment '日程表名称',
    misfire_instr        smallint(2)     null                comment '补偿执行的策略',
    job_data             blob            null                comment '存放持久化job对象',
    primary key (sched_name, trigger_name, trigger_group),
    foreign key (sched_name, job_name, job_group) references QRTZ_JOB_DETAILS(sched_name, job_name, job_group)
) engine=innodb comment = '触发器详细信息表';

-- ----------------------------
-- 3、 存储简单的 Trigger，包括重复次数，间隔，以及已触发的次数
-- ----------------------------
create table QRTZ_SIMPLE_TRIGGERS (
    sched_name           varchar(120)    not null            comment '调度名称',
    trigger_name         varchar(200)    not null            comment 'qrtz_triggers表trigger_name的外键',
    trigger_group        varchar(200)    not null            comment 'qrtz_triggers表trigger_group的外键',
    repeat_count         bigint(7)       not null            comment '重复的次数统计',
    repeat_interval      bigint(12)      not null            comment '重复的间隔时间',
    times_triggered      bigint(10)      not null            comment '已经触发的次数',
    primary key (sched_name, trigger_name, trigger_group),
    foreign key (sched_name, trigger_name, trigger_group) references QRTZ_TRIGGERS(sched_name, trigger_name, trigger_group)
) engine=innodb comment = '简单触发器的信息表';

-- ----------------------------
-- 4、 存储 Cron Trigger，包括 Cron 表达式和时区信息
-- ----------------------------
create table QRTZ_CRON_TRIGGERS (
    sched_name           varchar(120)    not null            comment '调度名称',
    trigger_name         varchar(200)    not null            comment 'qrtz_triggers表trigger_name的外键',
    trigger_group        varchar(200)    not null            comment 'qrtz_triggers表trigger_group的外键',
    cron_expression      varchar(200)    not null            comment 'cron表达式',
    time_zone_id         varchar(80)                         comment '时区',
    primary key (sched_name, trigger_name, trigger_group),
    foreign key (sched_name, trigger_name, trigger_group) references QRTZ_TRIGGERS(sched_name, trigger_name, trigger_group)
) engine=innodb comment = 'Cron类型的触发器表';

-- ----------------------------
-- 5、 Trigger 作为 Blob 类型存储(用于 Quartz 用户用 JDBC 创建他们自己定制的 Trigger 类型，JobStore 并不知道如何存储实例的时候)
-- ----------------------------
create table QRTZ_BLOB_TRIGGERS (
    sched_name           varchar(120)    not null            comment '调度名称',
    trigger_name         varchar(200)    not null            comment 'qrtz_triggers表trigger_name的外键',
    trigger_group        varchar(200)    not null            comment 'qrtz_triggers表trigger_group的外键',
    blob_data            blob            null                comment '存放持久化Trigger对象',
    primary key (sched_name, trigger_name, trigger_group),
    foreign key (sched_name, trigger_name, trigger_group) references QRTZ_TRIGGERS(sched_name, trigger_name, trigger_group)
) engine=innodb comment = 'Blob类型的触发器表';

-- ----------------------------
-- 6、 以 Blob 类型存储存放日历信息， quartz可配置一个日历来指定一个时间范围
-- ----------------------------
create table QRTZ_CALENDARS (
    sched_name           varchar(120)    not null            comment '调度名称',
    calendar_name        varchar(200)    not null            comment '日历名称',
    calendar             blob            not null            comment '存放持久化calendar对象',
    primary key (sched_name, calendar_name)
) engine=innodb comment = '日历信息表';

-- ----------------------------
-- 7、 存储已暂停的 Trigger 组的信息
-- ----------------------------
create table QRTZ_PAUSED_TRIGGER_GRPS (
    sched_name           varchar(120)    not null            comment '调度名称',
    trigger_group        varchar(200)    not null            comment 'qrtz_triggers表trigger_group的外键',
    primary key (sched_name, trigger_group)
) engine=innodb comment = '暂停的触发器表';

-- ----------------------------
-- 8、 存储与已触发的 Trigger 相关的状态信息，以及相联 Job 的执行信息
-- ----------------------------
create table QRTZ_FIRED_TRIGGERS (
    sched_name           varchar(120)    not null            comment '调度名称',
    entry_id             varchar(95)     not null            comment '调度器实例id',
    trigger_name         varchar(200)    not null            comment 'qrtz_triggers表trigger_name的外键',
    trigger_group        varchar(200)    not null            comment 'qrtz_triggers表trigger_group的外键',
    instance_name        varchar(200)    not null            comment '调度器实例名',
    fired_time           bigint(13)      not null            comment '触发的时间',
    sched_time           bigint(13)      not null            comment '定时器制定的时间',
    priority             integer         not null            comment '优先级',
    state                varchar(16)     not null            comment '状态',
    job_name             varchar(200)    null                comment '任务名称',
    job_group            varchar(200)    null                comment '任务组名',
    is_nonconcurrent     varchar(1)      null                comment '是否并发',
    requests_recovery    varchar(1)      null                comment '是否接受恢复执行',
    primary key (sched_name, entry_id)
) engine=innodb comment = '已触发的触发器表';

-- ----------------------------
-- 9、 存储少量的有关 Scheduler 的状态信息，假如是用于集群中，可以看到其他的 Scheduler 实例
-- ----------------------------
create table QRTZ_SCHEDULER_STATE (
    sched_name           varchar(120)    not null            comment '调度名称',
    instance_name        varchar(200)    not null            comment '实例名称',
    last_checkin_time    bigint(13)      not null            comment '上次检查时间',
    checkin_interval     bigint(13)      not null            comment '检查间隔时间',
    primary key (sched_name, instance_name)
) engine=innodb comment = '调度器状态表';

-- ----------------------------
-- 10、 存储程序的悲观锁的信息(假如使用了悲观锁)
-- ----------------------------
create table QRTZ_LOCKS (
    sched_name           varchar(120)    not null            comment '调度名称',
    lock_name            varchar(40)     not null            comment '悲观锁名称',
    primary key (sched_name, lock_name)
) engine=innodb comment = '存储的悲观锁信息表';

-- ----------------------------
-- 11、 Quartz集群实现同步机制的行锁表
-- ----------------------------
create table QRTZ_SIMPROP_TRIGGERS (
    sched_name           varchar(120)    not null            comment '调度名称',
    trigger_name         varchar(200)    not null            comment 'qrtz_triggers表trigger_name的外键',
    trigger_group        varchar(200)    not null            comment 'qrtz_triggers表trigger_group的外键',
    str_prop_1           varchar(512)    null                comment 'String类型的trigger的第一个参数',
    str_prop_2           varchar(512)    null                comment 'String类型的trigger的第二个参数',
    str_prop_3           varchar(512)    null                comment 'String类型的trigger的第三个参数',
    int_prop_1           int             null                comment 'int类型的trigger的第一个参数',
    int_prop_2           int             null                comment 'int类型的trigger的第二个参数',
    long_prop_1          bigint          null                comment 'long类型的trigger的第一个参数',
    long_prop_2          bigint          null                comment 'long类型的trigger的第二个参数',
    dec_prop_1           numeric(13,4)   null                comment 'decimal类型的trigger的第一个参数',
    dec_prop_2           numeric(13,4)   null                comment 'decimal类型的trigger的第二个参数',
    bool_prop_1          varchar(1)      null                comment 'Boolean类型的trigger的第一个参数',
    bool_prop_2          varchar(1)      null                comment 'Boolean类型的trigger的第二个参数',
    primary key (sched_name, trigger_name, trigger_group),
    foreign key (sched_name, trigger_name, trigger_group) references QRTZ_TRIGGERS(sched_name, trigger_name, trigger_group)
) engine=innodb comment = '同步机制的行锁表';

commit;